{"cameraMode":{"drawMode":0,"name":"Shaded","section":"Shading Mode"},"sceneLighting":false,"audioPlay":false,"sceneViewState":{"m_AlwaysRefresh":false,"showFog":true,"showSkybox":false,"showFlares":true,"showImageEffects":true,"showParticleSystems":true,"showVisualEffectGraphs":true,"m_FxEnabled":true},"in2DMode":false,"pivot":{"x":16.5119571685791,"y":6.307545185089111,"z":81.29378509521485},"rotation":{"x":0.0019845205824822189,"y":0.9954249858856201,"z":-0.09315340965986252,"w":0.021206723526120187},"size":12.220686912536621,"orthographic":false}